<!-- begin: logback.xml -->
<configuration>
    <appender name="console" class="ch.qos.logback.core.ConsoleAppender">
        <target>System.err</target>
        <encoder>
            <pattern>%d{HH:mm:ss.SSS} [%thread] %-5level %logger{36} - %msg%n</pattern>
        </encoder>
    </appender>

<!--     <logger name="org.hibernate.SQL" level="debug" /> -->

<!--    <logger name="org.hibernate.type.descriptor.sql" level="trace" />-->

    <root level="info">
        <appender-ref ref="console"/>
    </root>

</configuration>
        <!-- end: logback.xml -->
